{"cameraMode":{"drawMode":0,"name":"Shaded","section":"Shading Mode"},"sceneLighting":true,"audioPlay":false,"sceneViewState":{"m_AlwaysRefresh":false,"showFog":true,"showSkybox":true,"showFlares":true,"showImageEffects":true,"showParticleSystems":true,"showVisualEffectGraphs":true,"m_FxEnabled":true},"in2DMode":false,"pivot":{"x":0.28219932317733767,"y":-5.605086326599121,"z":5.464796543121338},"rotation":{"x":0.009728156961500645,"y":-0.9258545637130737,"z":0.3770085573196411,"w":0.023887725546956064},"size":11.925186157226563,"orthographic":false}